M-TRACK	mocked	patterns-menus-shortcuts.html	new
M-APP.E07/alert	mocked	patterns-menus-shortcuts.html	new
CM-SUB-PLAYLIST	mocked	patterns-context-menus.html	new
CM-SUB-SYNC	mocked	patterns-context-menus.html	new
CM-SUB-COPY	mocked	patterns-context-menus.html	new
CM-SUB-MOVE	mocked	patterns-context-menus.html	new
CM-QUEUE.N01	mocked	queue.html	new
P-SIDEBAR.N03/menu	mocked	playlists.html	new
P-SIDEBAR.E03/add	mocked	playlists.html	new
V-PLD.N01/menu	mocked	playlists.html#detail	new
V-PLD.E02/menu	mocked	playlists.html#detail	new
V-FOLD.N02/menu	mocked	folders.html	new
P-LIBFOOTER.N01	mocked	shell.html	new
V-TRACK-TABLE.N01	mocked	library.html	new
V-INBOX.N07	mocked	discover.html#recs	new
V-SIMILAR.N08	mocked	discover.html#similar	new
V-REELS.N09	mocked	discover.html#reels	new
ST-BACKUP.N04	mocked	settings.html#backup	new
V-PICKER.N14	mocked	launch.html	new
V-SYNC-DETAIL.N10	mocked	sync.html	new
V-GENRES.N02	mocked	genres.html#list	new
